{
    "accuracy": 0.9431643625192012,
    "precision_macro": 0.9237052202226312,
    "recall_macro": 0.9129250869495482,
    "f1_macro": 0.9109216898445867,
    "precision_weighted": 0.9504467306655711,
    "recall_weighted": 0.9431643625192012,
    "f1_weighted": 0.9420719557324125,
    "top_5_accuracy": 0.9846390168970814,
    "per_class_metrics": {
        "Faces": {
            "accuracy": 0.9696969696969697,
            "precision": 1.0,
            "recall": 0.9696969696969697,
            "f1_score": 0.9846153846153847,
            "support": 66
        },
        "Faces_easy": {
            "accuracy": 1.0,
            "precision": 0.9705882352941176,
            "recall": 1.0,
            "f1_score": 0.9850746268656716,
            "support": 66
        },
        "Leopards": {
            "accuracy": 1.0,
            "precision": 1.0,
            "recall": 1.0,
            "f1_score": 1.0,
            "support": 30
        },
        "Motorbikes": {
            "accuracy": 1.0,
            "precision": 1.0,
            "recall": 1.0,
            "f1_score": 1.0,
            "support": 120
        },
        "accordion": {
            "accuracy": 1.0,
            "precision": 1.0,
            "recall": 1.0,
            "f1_score": 1.0,
            "support": 8
        },
        "airplanes": {
            "accuracy": 0.9916666666666667,
            "precision": 1.0,
            "recall": 0.9916666666666667,
            "f1_score": 0.99581589958159,
            "support": 120
        },
        "anchor": {
            "accuracy": 1.0,
            "precision": 0.8571428571428571,
            "recall": 1.0,
            "f1_score": 0.9230769230769231,
            "support": 6
        },
        "ant": {
            "accuracy": 0.8333333333333334,
            "precision": 0.5555555555555556,
            "recall": 0.8333333333333334,
            "f1_score": 0.6666666666666666,
            "support": 6
        },
        "barrel": {
            "accuracy": 1.0,
            "precision": 0.875,
            "recall": 1.0,
            "f1_score": 0.9333333333333333,
            "support": 7
        },
        "bass": {
            "accuracy": 1.0,
            "precision": 1.0,
            "recall": 1.0,
            "f1_score": 1.0,
            "support": 8
        },
        "beaver": {
            "accuracy": 0.8571428571428571,
            "precision": 0.6666666666666666,
            "recall": 0.8571428571428571,
            "f1_score": 0.75,
            "support": 7
        },
        "binocular": {
            "accuracy": 0.8,
            "precision": 1.0,
            "recall": 0.8,
            "f1_score": 0.8888888888888888,
            "support": 5
        },
        "bonsai": {
            "accuracy": 1.0,
            "precision": 0.95,
            "recall": 1.0,
            "f1_score": 0.9743589743589743,
            "support": 19
        },
        "brain": {
            "accuracy": 0.9333333333333333,
            "precision": 1.0,
            "recall": 0.9333333333333333,
            "f1_score": 0.9655172413793104,
            "support": 15
        },
        "brontosaurus": {
            "accuracy": 1.0,
            "precision": 0.8571428571428571,
            "recall": 1.0,
            "f1_score": 0.9230769230769231,
            "support": 6
        },
        "buddha": {
            "accuracy": 1.0,
            "precision": 1.0,
            "recall": 1.0,
            "f1_score": 1.0,
            "support": 13
        },
        "butterfly": {
            "accuracy": 0.9285714285714286,
            "precision": 0.9285714285714286,
            "recall": 0.9285714285714286,
            "f1_score": 0.9285714285714286,
            "support": 14
        },
        "camera": {
            "accuracy": 0.8571428571428571,
            "precision": 1.0,
            "recall": 0.8571428571428571,
            "f1_score": 0.9230769230769231,
            "support": 7
        },
        "cannon": {
            "accuracy": 0.6666666666666666,
            "precision": 1.0,
            "recall": 0.6666666666666666,
            "f1_score": 0.8,
            "support": 6
        },
        "car_side": {
            "accuracy": 1.0,
            "precision": 1.0,
            "recall": 1.0,
            "f1_score": 1.0,
            "support": 19
        },
        "ceiling_fan": {
            "accuracy": 0.8571428571428571,
            "precision": 1.0,
            "recall": 0.8571428571428571,
            "f1_score": 0.9230769230769231,
            "support": 7
        },
        "cellphone": {
            "accuracy": 1.0,
            "precision": 1.0,
            "recall": 1.0,
            "f1_score": 1.0,
            "support": 9
        },
        "chair": {
            "accuracy": 0.9,
            "precision": 0.8181818181818182,
            "recall": 0.9,
            "f1_score": 0.8571428571428571,
            "support": 10
        },
        "chandelier": {
            "accuracy": 1.0,
            "precision": 0.8421052631578947,
            "recall": 1.0,
            "f1_score": 0.9142857142857143,
            "support": 16
        },
        "cougar_body": {
            "accuracy": 1.0,
            "precision": 0.875,
            "recall": 1.0,
            "f1_score": 0.9333333333333333,
            "support": 7
        },
        "cougar_face": {
            "accuracy": 1.0,
            "precision": 1.0,
            "recall": 1.0,
            "f1_score": 1.0,
            "support": 10
        },
        "crab": {
            "accuracy": 0.8181818181818182,
            "precision": 0.9,
            "recall": 0.8181818181818182,
            "f1_score": 0.8571428571428571,
            "support": 11
        },
        "crayfish": {
            "accuracy": 0.8,
            "precision": 0.6666666666666666,
            "recall": 0.8,
            "f1_score": 0.7272727272727273,
            "support": 10
        },
        "crocodile": {
            "accuracy": 0.25,
            "precision": 1.0,
            "recall": 0.25,
            "f1_score": 0.4,
            "support": 8
        },
        "crocodile_head": {
            "accuracy": 0.8571428571428571,
            "precision": 0.5454545454545454,
            "recall": 0.8571428571428571,
            "f1_score": 0.6666666666666666,
            "support": 7
        },
        "cup": {
            "accuracy": 1.0,
            "precision": 0.8888888888888888,
            "recall": 1.0,
            "f1_score": 0.9411764705882353,
            "support": 8
        },
        "dalmatian": {
            "accuracy": 1.0,
            "precision": 1.0,
            "recall": 1.0,
            "f1_score": 1.0,
            "support": 10
        },
        "dollar_bill": {
            "accuracy": 1.0,
            "precision": 1.0,
            "recall": 1.0,
            "f1_score": 1.0,
            "support": 8
        },
        "dolphin": {
            "accuracy": 1.0,
            "precision": 1.0,
            "recall": 1.0,
            "f1_score": 1.0,
            "support": 10
        },
        "dragonfly": {
            "accuracy": 1.0,
            "precision": 0.9090909090909091,
            "recall": 1.0,
            "f1_score": 0.9523809523809523,
            "support": 10
        },
        "electric_guitar": {
            "accuracy": 0.8181818181818182,
            "precision": 1.0,
            "recall": 0.8181818181818182,
            "f1_score": 0.9,
            "support": 11
        },
        "elephant": {
            "accuracy": 0.8,
            "precision": 0.8888888888888888,
            "recall": 0.8,
            "f1_score": 0.8421052631578947,
            "support": 10
        },
        "emu": {
            "accuracy": 0.75,
            "precision": 1.0,
            "recall": 0.75,
            "f1_score": 0.8571428571428571,
            "support": 8
        },
        "euphonium": {
            "accuracy": 1.0,
            "precision": 1.0,
            "recall": 1.0,
            "f1_score": 1.0,