{
    "optimizer": {
        "SGD": 0.9493087557603687,
        "ADAM": 0.9285714285714286
    }
}